id;activity_name;jhi_user;telephone;pay_status;add_date
1;让插花艺术成为你的一种生活方式 春风园客 2019第2期花艺培训班;王小1;186119100011;Paid;2019-9-8
2;让插花艺术成为你的一种生活方式 春风园客 2019第2期花艺培训班;王小2;186119100012;Paid;2019-9-8
3;让插花艺术成为你的一种生活方式 春风园客 2019第2期花艺培训班;王小3;186119100013;Paid;2019-9-8
4;让插花艺术成为你的一种生活方式 春风园客 2019第2期花艺培训班;王小4;186119100014;Paid;2019-9-8
5;让插花艺术成为你的一种生活方式 春风园客 2019第2期花艺培训班;王小5;186119100015;Paid;2019-9-8
6;让插花艺术成为你的一种生活方式 春风园客 2019第2期花艺培训班;王小6;186119100016;Paid;2019-9-8
7;让插花艺术成为你的一种生活方式 春风园客 2019第2期花艺培训班;王小7;186119100017;Paid;2019-9-8
8;让插花艺术成为你的一种生活方式 春风园客 2019第2期花艺培训班;王小8;186119100018;Paid;2019-9-8
9;让插花艺术成为你的一种生活方式 春风园客 2019第2期花艺培训班;王小9;186119100019;Paid;2019-9-8
10;让插花艺术成为你的一种生活方式 春风园客 2019第2期花艺培训班;王小10;1861191000110;Paid;2019-9-8
11;让插花艺术成为你的一种生活方式 春风园客 2019第2期花艺培训班;王小11;1861191000111;Paid;2019-9-8
12;让插花艺术成为你的一种生活方式 春风园客 2019第2期花艺培训班;王小12;1861191000112;Paid;2019-9-8
13;让插花艺术成为你的一种生活方式 春风园客 2019第2期花艺培训班;王小13;1861191000113;Paid;2019-9-8
14;让插花艺术成为你的一种生活方式 春风园客 2019第2期花艺培训班;王小14;1861191000114;Paid;2019-9-8
15;让插花艺术成为你的一种生活方式 春风园客 2019第2期花艺培训班;王小15;1861191000115;Paid;2019-9-8
16;让插花艺术成为你的一种生活方式 春风园客 2019第2期花艺培训班;王小16;1861191000116;Paid;2019-9-8
17;让插花艺术成为你的一种生活方式 春风园客 2019第2期花艺培训班;王小17;1861191000117;Paid;2019-9-8
18;让插花艺术成为你的一种生活方式 春风园客 2019第2期花艺培训班;王小18;1861191000118;Paid;2019-9-8
19;让插花艺术成为你的一种生活方式 春风园客 2019第2期花艺培训班;王小19;1861191000119;Paid;2019-9-8
20;让插花艺术成为你的一种生活方式 春风园客 2019第2期花艺培训班;王小20;1861191000120;Paid;2019-9-8
21;让插花艺术成为你的一种生活方式 春风园客 2019第2期花艺培训班;王小21;1861191000121;Paid;2019-9-8
22;让插花艺术成为你的一种生活方式 春风园客 2019第2期花艺培训班;王小22;1861191000122;Paid;2019-9-8
23;让插花艺术成为你的一种生活方式 春风园客 2019第2期花艺培训班;王小23;1861191000123;Paid;2019-9-8
24;让插花艺术成为你的一种生活方式 春风园客 2019第2期花艺培训班;王小24;1861191000124;Paid;2019-9-8
25;让插花艺术成为你的一种生活方式 春风园客 2019第2期花艺培训班;王小25;1861191000125;Paid;2019-9-8
26;让插花艺术成为你的一种生活方式 春风园客 2019第2期花艺培训班;王小26;1861191000126;Paid;2019-9-8
27;让插花艺术成为你的一种生活方式 春风园客 2019第2期花艺培训班;王小27;1861191000127;Paid;2019-9-8
28;让插花艺术成为你的一种生活方式 春风园客 2019第2期花艺培训班;王小28;1861191000128;Paid;2019-9-8
29;让插花艺术成为你的一种生活方式 春风园客 2019第2期花艺培训班;王小29;1861191000129;Paid;2019-9-8
30;让插花艺术成为你的一种生活方式 春风园客 2019第2期花艺培训班;王小30;1861191000130;Paid;2019-9-8
31;让插花艺术成为你的一种生活方式 春风园客 2019第2期花艺培训班;王小31;1861191000131;Paid;2019-9-8
32;让插花艺术成为你的一种生活方式 春风园客 2019第2期花艺培训班;王小32;1861191000132;Paid;2019-9-8
33;让插花艺术成为你的一种生活方式 春风园客 2019第2期花艺培训班;王小33;1861191000133;Paid;2019-9-8
34;让插花艺术成为你的一种生活方式 春风园客 2019第2期花艺培训班;王小34;1861191000134;Paid;2019-9-8
35;让插花艺术成为你的一种生活方式 春风园客 2019第2期花艺培训班;王小35;1861191000135;Paid;2019-9-8
36;让插花艺术成为你的一种生活方式 春风园客 2019第2期花艺培训班;王小36;1861191000136;Paid;2019-9-8
37;让插花艺术成为你的一种生活方式 春风园客 2019第2期花艺培训班;王小37;1861191000137;Paid;2019-9-8
38;让插花艺术成为你的一种生活方式 春风园客 2019第2期花艺培训班;王小38;1861191000138;Paid;2019-9-8
39;让插花艺术成为你的一种生活方式 春风园客 2019第2期花艺培训班;王小39;1861191000139;Paid;2019-9-8
40;让插花艺术成为你的一种生活方式 春风园客 2019第2期花艺培训班;王小40;1861191000140;Paid;2019-9-8
41;让插花艺术成为你的一种生活方式 春风园客 2019第2期花艺培训班;王小41;1861191000141;Paid;2019-9-8
42;让插花艺术成为你的一种生活方式 春风园客 2019第2期花艺培训班;王小42;1861191000142;Paid;2019-9-8
43;让插花艺术成为你的一种生活方式 春风园客 2019第2期花艺培训班;王小43;1861191000143;Paid;2019-9-8
44;让插花艺术成为你的一种生活方式 春风园客 2019第2期花艺培训班;王小44;1861191000144;Paid;2019-9-8
45;让插花艺术成为你的一种生活方式 春风园客 2019第2期花艺培训班;王小45;1861191000145;Paid;2019-9-8
46;让插花艺术成为你的一种生活方式 春风园客 2019第2期花艺培训班;王小46;1861191000146;Paid;2019-9-8
47;让插花艺术成为你的一种生活方式 春风园客 2019第2期花艺培训班;王小47;1861191000147;Paid;2019-9-8
48;让插花艺术成为你的一种生活方式 春风园客 2019第2期花艺培训班;王小48;1861191000148;Paid;2019-9-8
49;让插花艺术成为你的一种生活方式 春风园客 2019第2期花艺培训班;王小49;1861191000149;Paid;2019-9-8
50;让插花艺术成为你的一种生活方式 春风园客 2019第2期花艺培训班;王小50;1861191000150;Paid;2019-9-8
51;让插花艺术成为你的一种生活方式 春风园客 2019第2期花艺培训班;王小51;1861191000151;Paid;2019-9-8
52;让插花艺术成为你的一种生活方式 春风园客 2019第2期花艺培训班;王小52;1861191000152;Paid;2019-9-8
53;让插花艺术成为你的一种生活方式 春风园客 2019第2期花艺培训班;王小53;1861191000153;Paid;2019-9-8
54;让插花艺术成为你的一种生活方式 春风园客 2019第2期花艺培训班;王小54;1861191000154;Paid;2019-9-8
55;让插花艺术成为你的一种生活方式 春风园客 2019第2期花艺培训班;王小55;1861191000155;Paid;2019-9-8
56;让插花艺术成为你的一种生活方式 春风园客 2019第2期花艺培训班;王小56;1861191000156;Paid;2019-9-8
57;让插花艺术成为你的一种生活方式 春风园客 2019第2期花艺培训班;王小57;1861191000157;Paid;2019-9-8
58;让插花艺术成为你的一种生活方式 春风园客 2019第2期花艺培训班;王小58;1861191000158;Paid;2019-9-8
59;让插花艺术成为你的一种生活方式 春风园客 2019第2期花艺培训班;王小59;1861191000159;Paid;2019-9-8
60;让插花艺术成为你的一种生活方式 春风园客 2019第2期花艺培训班;王小60;1861191000160;Paid;2019-9-8
61;让插花艺术成为你的一种生活方式 春风园客 2019第2期花艺培训班;王小61;1861191000161;Paid;2019-9-8
62;让插花艺术成为你的一种生活方式 春风园客 2019第2期花艺培训班;王小62;1861191000162;Paid;2019-9-8
63;让插花艺术成为你的一种生活方式 春风园客 2019第2期花艺培训班;王小63;1861191000163;Paid;2019-9-8
64;让插花艺术成为你的一种生活方式 春风园客 2019第2期花艺培训班;王小64;1861191000164;Paid;2019-9-8
65;让插花艺术成为你的一种生活方式 春风园客 2019第2期花艺培训班;王小65;1861191000165;Paid;2019-9-8
66;让插花艺术成为你的一种生活方式 春风园客 2019第2期花艺培训班;王小66;1861191000166;Paid;2019-9-8
67;让插花艺术成为你的一种生活方式 春风园客 2019第2期花艺培训班;王小67;1861191000167;Paid;2019-9-8
68;让插花艺术成为你的一种生活方式 春风园客 2019第2期花艺培训班;王小68;1861191000168;Paid;2019-9-8
69;让插花艺术成为你的一种生活方式 春风园客 2019第2期花艺培训班;王小69;1861191000169;Paid;2019-9-8
70;让插花艺术成为你的一种生活方式 春风园客 2019第2期花艺培训班;王小70;1861191000170;Paid;2019-9-8
71;让插花艺术成为你的一种生活方式 春风园客 2019第2期花艺培训班;王小71;1861191000171;Paid;2019-9-8
72;让插花艺术成为你的一种生活方式 春风园客 2019第2期花艺培训班;王小72;1861191000172;Paid;2019-9-8
73;让插花艺术成为你的一种生活方式 春风园客 2019第2期花艺培训班;王小73;1861191000173;Paid;2019-9-8
74;让插花艺术成为你的一种生活方式 春风园客 2019第2期花艺培训班;王小74;1861191000174;Paid;2019-9-8
75;让插花艺术成为你的一种生活方式 春风园客 2019第2期花艺培训班;王小75;1861191000175;Paid;2019-9-8
76;让插花艺术成为你的一种生活方式 春风园客 2019第2期花艺培训班;王小76;1861191000176;Paid;2019-9-8
77;让插花艺术成为你的一种生活方式 春风园客 2019第2期花艺培训班;王小77;1861191000177;Paid;2019-9-8
78;让插花艺术成为你的一种生活方式 春风园客 2019第2期花艺培训班;王小78;1861191000178;Paid;2019-9-8
79;让插花艺术成为你的一种生活方式 春风园客 2019第2期花艺培训班;王小79;1861191000179;Paid;2019-9-8
80;让插花艺术成为你的一种生活方式 春风园客 2019第2期花艺培训班;王小80;1861191000180;Paid;2019-9-8
81;让插花艺术成为你的一种生活方式 春风园客 2019第2期花艺培训班;王小81;1861191000181;Paid;2019-9-8
82;让插花艺术成为你的一种生活方式 春风园客 2019第2期花艺培训班;王小82;1861191000182;Paid;2019-9-8
83;让插花艺术成为你的一种生活方式 春风园客 2019第2期花艺培训班;王小83;1861191000183;Paid;2019-9-8
84;让插花艺术成为你的一种生活方式 春风园客 2019第2期花艺培训班;王小84;1861191000184;Paid;2019-9-8
85;让插花艺术成为你的一种生活方式 春风园客 2019第2期花艺培训班;王小85;1861191000185;Paid;2019-9-8
86;让插花艺术成为你的一种生活方式 春风园客 2019第2期花艺培训班;王小86;1861191000186;Paid;2019-9-8
87;让插花艺术成为你的一种生活方式 春风园客 2019第2期花艺培训班;王小87;1861191000187;Paid;2019-9-8
88;让插花艺术成为你的一种生活方式 春风园客 2019第2期花艺培训班;王小88;1861191000188;Paid;2019-9-8
89;让插花艺术成为你的一种生活方式 春风园客 2019第2期花艺培训班;王小89;1861191000189;Paid;2019-9-8
90;让插花艺术成为你的一种生活方式 春风园客 2019第2期花艺培训班;王小90;1861191000190;Paid;2019-9-8
91;让插花艺术成为你的一种生活方式 春风园客 2019第2期花艺培训班;王小91;1861191000191;Paid;2019-9-8
92;让插花艺术成为你的一种生活方式 春风园客 2019第2期花艺培训班;王小92;1861191000192;Paid;2019-9-8
93;让插花艺术成为你的一种生活方式 春风园客 2019第2期花艺培训班;王小93;1861191000193;Paid;2019-9-8
94;让插花艺术成为你的一种生活方式 春风园客 2019第2期花艺培训班;王小94;1861191000194;Paid;2019-9-8
95;让插花艺术成为你的一种生活方式 春风园客 2019第2期花艺培训班;王小95;1861191000195;Paid;2019-9-8
96;让插花艺术成为你的一种生活方式 春风园客 2019第2期花艺培训班;王小96;1861191000196;Paid;2019-9-8
97;让插花艺术成为你的一种生活方式 春风园客 2019第2期花艺培训班;王小97;1861191000197;Paid;2019-9-8
98;让插花艺术成为你的一种生活方式 春风园客 2019第2期花艺培训班;王小98;1861191000198;Paid;2019-9-8
99;让插花艺术成为你的一种生活方式 春风园客 2019第2期花艺培训班;王小99;1861191000199;Paid;2019-9-8
100;让插花艺术成为你的一种生活方式 春风园客 2019第2期花艺培训班;王小100;18611910001100;Paid;2019-9-8
101;让插花艺术成为你的一种生活方式 春风园客 2019第2期花艺培训班;王小101;18611910001101;Paid;2019-9-8
102;让插花艺术成为你的一种生活方式 春风园客 2019第2期花艺培训班;王小102;18611910001102;Paid;2019-9-8
103;让插花艺术成为你的一种生活方式 春风园客 2019第2期花艺培训班;王小103;18611910001103;Paid;2019-9-8
104;让插花艺术成为你的一种生活方式 春风园客 2019第2期花艺培训班;王小104;18611910001104;Paid;2019-9-8
105;让插花艺术成为你的一种生活方式 春风园客 2019第2期花艺培训班;王小105;18611910001105;Paid;2019-9-8
106;让插花艺术成为你的一种生活方式 春风园客 2019第2期花艺培训班;王小106;18611910001106;Paid;2019-9-8
107;让插花艺术成为你的一种生活方式 春风园客 2019第2期花艺培训班;王小107;18611910001107;Paid;2019-9-8
108;让插花艺术成为你的一种生活方式 春风园客 2019第2期花艺培训班;王小108;18611910001108;Paid;2019-9-8
109;让插花艺术成为你的一种生活方式 春风园客 2019第2期花艺培训班;王小109;18611910001109;Paid;2019-9-8
110;让插花艺术成为你的一种生活方式 春风园客 2019第2期花艺培训班;王小110;18611910001110;Paid;2019-9-8
111;让插花艺术成为你的一种生活方式 春风园客 2019第2期花艺培训班;王小111;18611910001111;Paid;2019-9-8
112;让插花艺术成为你的一种生活方式 春风园客 2019第2期花艺培训班;王小112;18611910001112;Paid;2019-9-8
113;让插花艺术成为你的一种生活方式 春风园客 2019第2期花艺培训班;王小113;18611910001113;Paid;2019-9-8
114;让插花艺术成为你的一种生活方式 春风园客 2019第2期花艺培训班;王小114;18611910001114;Paid;2019-9-8
115;让插花艺术成为你的一种生活方式 春风园客 2019第2期花艺培训班;王小115;18611910001115;Paid;2019-9-8
116;让插花艺术成为你的一种生活方式 春风园客 2019第2期花艺培训班;王小116;18611910001116;Paid;2019-9-8
117;让插花艺术成为你的一种生活方式 春风园客 2019第2期花艺培训班;王小117;18611910001117;Paid;2019-9-8
118;让插花艺术成为你的一种生活方式 春风园客 2019第2期花艺培训班;王小118;18611910001118;Paid;2019-9-8
119;让插花艺术成为你的一种生活方式 春风园客 2019第2期花艺培训班;王小119;18611910001119;Paid;2019-9-8
120;让插花艺术成为你的一种生活方式 春风园客 2019第2期花艺培训班;王小120;18611910001120;Paid;2019-9-8
121;让插花艺术成为你的一种生活方式 春风园客 2019第2期花艺培训班;王小121;18611910001121;Paid;2019-9-8
122;让插花艺术成为你的一种生活方式 春风园客 2019第2期花艺培训班;王小122;18611910001122;Paid;2019-9-8
123;让插花艺术成为你的一种生活方式 春风园客 2019第2期花艺培训班;王小123;18611910001123;Paid;2019-9-8
124;让插花艺术成为你的一种生活方式 春风园客 2019第2期花艺培训班;王小124;18611910001124;Paid;2019-9-8
125;让插花艺术成为你的一种生活方式 春风园客 2019第2期花艺培训班;王小125;18611910001125;Paid;2019-9-8
126;让插花艺术成为你的一种生活方式 春风园客 2019第2期花艺培训班;王小126;18611910001126;Paid;2019-9-8
127;让插花艺术成为你的一种生活方式 春风园客 2019第2期花艺培训班;王小127;18611910001127;Paid;2019-9-8
128;让插花艺术成为你的一种生活方式 春风园客 2019第2期花艺培训班;王小128;18611910001128;Paid;2019-9-8
129;让插花艺术成为你的一种生活方式 春风园客 2019第2期花艺培训班;王小129;18611910001129;Paid;2019-9-8
130;让插花艺术成为你的一种生活方式 春风园客 2019第2期花艺培训班;王小130;18611910001130;Paid;2019-9-8
131;让插花艺术成为你的一种生活方式 春风园客 2019第2期花艺培训班;王小131;18611910001131;Paid;2019-9-8
132;让插花艺术成为你的一种生活方式 春风园客 2019第2期花艺培训班;王小132;18611910001132;Paid;2019-9-8
133;让插花艺术成为你的一种生活方式 春风园客 2019第2期花艺培训班;王小133;18611910001133;Paid;2019-9-8
134;让插花艺术成为你的一种生活方式 春风园客 2019第2期花艺培训班;王小134;18611910001134;Paid;2019-9-8
135;让插花艺术成为你的一种生活方式 春风园客 2019第2期花艺培训班;王小135;18611910001135;Paid;2019-9-8
136;让插花艺术成为你的一种生活方式 春风园客 2019第2期花艺培训班;王小136;18611910001136;Paid;2019-9-8
137;让插花艺术成为你的一种生活方式 春风园客 2019第2期花艺培训班;王小137;18611910001137;Paid;2019-9-8
138;让插花艺术成为你的一种生活方式 春风园客 2019第2期花艺培训班;王小138;18611910001138;Paid;2019-9-8
139;让插花艺术成为你的一种生活方式 春风园客 2019第2期花艺培训班;王小139;18611910001139;Paid;2019-9-8
140;让插花艺术成为你的一种生活方式 春风园客 2019第2期花艺培训班;王小140;18611910001140;Paid;2019-9-8
141;让插花艺术成为你的一种生活方式 春风园客 2019第2期花艺培训班;王小141;18611910001141;Paid;2019-9-8
142;让插花艺术成为你的一种生活方式 春风园客 2019第2期花艺培训班;王小142;18611910001142;Paid;2019-9-8
143;让插花艺术成为你的一种生活方式 春风园客 2019第2期花艺培训班;王小143;18611910001143;Paid;2019-9-8
144;让插花艺术成为你的一种生活方式 春风园客 2019第2期花艺培训班;王小144;18611910001144;Paid;2019-9-8
145;让插花艺术成为你的一种生活方式 春风园客 2019第2期花艺培训班;王小145;18611910001145;Paid;2019-9-8
146;让插花艺术成为你的一种生活方式 春风园客 2019第2期花艺培训班;王小146;18611910001146;Paid;2019-9-8
147;让插花艺术成为你的一种生活方式 春风园客 2019第2期花艺培训班;王小147;18611910001147;Paid;2019-9-8
148;让插花艺术成为你的一种生活方式 春风园客 2019第2期花艺培训班;王小148;18611910001148;Paid;2019-9-8
149;让插花艺术成为你的一种生活方式 春风园客 2019第2期花艺培训班;王小149;18611910001149;Paid;2019-9-8
150;让插花艺术成为你的一种生活方式 春风园客 2019第2期花艺培训班;王小150;18611910001150;Paid;2019-9-8
151;让插花艺术成为你的一种生活方式 春风园客 2019第2期花艺培训班;王小151;18611910001151;Paid;2019-9-8
152;让插花艺术成为你的一种生活方式 春风园客 2019第2期花艺培训班;王小152;18611910001152;Paid;2019-9-8
153;让插花艺术成为你的一种生活方式 春风园客 2019第2期花艺培训班;王小153;18611910001153;Paid;2019-9-8
154;让插花艺术成为你的一种生活方式 春风园客 2019第2期花艺培训班;王小154;18611910001154;Paid;2019-9-8
155;让插花艺术成为你的一种生活方式 春风园客 2019第2期花艺培训班;王小155;18611910001155;Paid;2019-9-8
156;让插花艺术成为你的一种生活方式 春风园客 2019第2期花艺培训班;王小156;18611910001156;Paid;2019-9-8
157;让插花艺术成为你的一种生活方式 春风园客 2019第2期花艺培训班;王小157;18611910001157;Paid;2019-9-8
158;让插花艺术成为你的一种生活方式 春风园客 2019第2期花艺培训班;王小158;18611910001158;Paid;2019-9-8
159;让插花艺术成为你的一种生活方式 春风园客 2019第2期花艺培训班;王小159;18611910001159;Paid;2019-9-8
160;让插花艺术成为你的一种生活方式 春风园客 2019第2期花艺培训班;王小160;18611910001160;Paid;2019-9-8
161;让插花艺术成为你的一种生活方式 春风园客 2019第2期花艺培训班;王小161;18611910001161;Paid;2019-9-8
162;让插花艺术成为你的一种生活方式 春风园客 2019第2期花艺培训班;王小162;18611910001162;Paid;2019-9-8
163;让插花艺术成为你的一种生活方式 春风园客 2019第2期花艺培训班;王小163;18611910001163;Paid;2019-9-8
164;让插花艺术成为你的一种生活方式 春风园客 2019第2期花艺培训班;王小164;18611910001164;Paid;2019-9-8
165;让插花艺术成为你的一种生活方式 春风园客 2019第2期花艺培训班;王小165;18611910001165;Paid;2019-9-8
166;让插花艺术成为你的一种生活方式 春风园客 2019第2期花艺培训班;王小166;18611910001166;Paid;2019-9-8
167;让插花艺术成为你的一种生活方式 春风园客 2019第2期花艺培训班;王小167;18611910001167;Paid;2019-9-8
168;让插花艺术成为你的一种生活方式 春风园客 2019第2期花艺培训班;王小168;18611910001168;Paid;2019-9-8
169;让插花艺术成为你的一种生活方式 春风园客 2019第2期花艺培训班;王小169;18611910001169;Paid;2019-9-8
170;让插花艺术成为你的一种生活方式 春风园客 2019第2期花艺培训班;王小170;18611910001170;Paid;2019-9-8
171;让插花艺术成为你的一种生活方式 春风园客 2019第2期花艺培训班;王小171;18611910001171;Paid;2019-9-8
172;让插花艺术成为你的一种生活方式 春风园客 2019第2期花艺培训班;王小172;18611910001172;Paid;2019-9-8
173;让插花艺术成为你的一种生活方式 春风园客 2019第2期花艺培训班;王小173;18611910001173;Paid;2019-9-8
174;让插花艺术成为你的一种生活方式 春风园客 2019第2期花艺培训班;王小174;18611910001174;Paid;2019-9-8
175;让插花艺术成为你的一种生活方式 春风园客 2019第2期花艺培训班;王小175;18611910001175;Paid;2019-9-8
176;让插花艺术成为你的一种生活方式 春风园客 2019第2期花艺培训班;王小176;18611910001176;Paid;2019-9-8
177;让插花艺术成为你的一种生活方式 春风园客 2019第2期花艺培训班;王小177;18611910001177;Paid;2019-9-8
178;让插花艺术成为你的一种生活方式 春风园客 2019第2期花艺培训班;王小178;18611910001178;Paid;2019-9-8
179;让插花艺术成为你的一种生活方式 春风园客 2019第2期花艺培训班;王小179;18611910001179;Paid;2019-9-8
180;让插花艺术成为你的一种生活方式 春风园客 2019第2期花艺培训班;王小180;18611910001180;Paid;2019-9-8
181;让插花艺术成为你的一种生活方式 春风园客 2019第2期花艺培训班;王小181;18611910001181;Paid;2019-9-8
182;让插花艺术成为你的一种生活方式 春风园客 2019第2期花艺培训班;王小182;18611910001182;Paid;2019-9-8
183;让插花艺术成为你的一种生活方式 春风园客 2019第2期花艺培训班;王小183;18611910001183;Paid;2019-9-8
184;让插花艺术成为你的一种生活方式 春风园客 2019第2期花艺培训班;王小184;18611910001184;Paid;2019-9-8
185;让插花艺术成为你的一种生活方式 春风园客 2019第2期花艺培训班;王小185;18611910001185;Paid;2019-9-8
186;让插花艺术成为你的一种生活方式 春风园客 2019第2期花艺培训班;王小186;18611910001186;Paid;2019-9-8
187;让插花艺术成为你的一种生活方式 春风园客 2019第2期花艺培训班;王小187;18611910001187;Paid;2019-9-8
188;让插花艺术成为你的一种生活方式 春风园客 2019第2期花艺培训班;王小188;18611910001188;Paid;2019-9-8
189;让插花艺术成为你的一种生活方式 春风园客 2019第2期花艺培训班;王小189;18611910001189;Paid;2019-9-8
190;让插花艺术成为你的一种生活方式 春风园客 2019第2期花艺培训班;王小190;18611910001190;Paid;2019-9-8
191;让插花艺术成为你的一种生活方式 春风园客 2019第2期花艺培训班;王小191;18611910001191;Paid;2019-9-8
192;让插花艺术成为你的一种生活方式 春风园客 2019第2期花艺培训班;王小192;18611910001192;Paid;2019-9-8
193;让插花艺术成为你的一种生活方式 春风园客 2019第2期花艺培训班;王小193;18611910001193;Paid;2019-9-8
194;让插花艺术成为你的一种生活方式 春风园客 2019第2期花艺培训班;王小194;18611910001194;Paid;2019-9-8
195;让插花艺术成为你的一种生活方式 春风园客 2019第2期花艺培训班;王小195;18611910001195;Paid;2019-9-8
196;让插花艺术成为你的一种生活方式 春风园客 2019第2期花艺培训班;王小196;18611910001196;Paid;2019-9-8
197;让插花艺术成为你的一种生活方式 春风园客 2019第2期花艺培训班;王小197;18611910001197;Paid;2019-9-8
198;让插花艺术成为你的一种生活方式 春风园客 2019第2期花艺培训班;王小198;18611910001198;Paid;2019-9-8
199;让插花艺术成为你的一种生活方式 春风园客 2019第2期花艺培训班;王小199;18611910001199;Paid;2019-9-8
200;让插花艺术成为你的一种生活方式 春风园客 2019第2期花艺培训班;王小200;18611910001200;Paid;2019-9-8
201;让插花艺术成为你的一种生活方式 春风园客 2019第2期花艺培训班;王小201;18611910001201;Paid;2019-9-8
202;让插花艺术成为你的一种生活方式 春风园客 2019第2期花艺培训班;王小202;18611910001202;Paid;2019-9-8
203;让插花艺术成为你的一种生活方式 春风园客 2019第2期花艺培训班;王小203;18611910001203;Paid;2019-9-8
204;让插花艺术成为你的一种生活方式 春风园客 2019第2期花艺培训班;王小204;18611910001204;Paid;2019-9-8
205;让插花艺术成为你的一种生活方式 春风园客 2019第2期花艺培训班;王小205;18611910001205;Paid;2019-9-8
206;让插花艺术成为你的一种生活方式 春风园客 2019第2期花艺培训班;王小206;18611910001206;Paid;2019-9-8
207;让插花艺术成为你的一种生活方式 春风园客 2019第2期花艺培训班;王小207;18611910001207;Paid;2019-9-8
208;让插花艺术成为你的一种生活方式 春风园客 2019第2期花艺培训班;王小208;18611910001208;Paid;2019-9-8
209;让插花艺术成为你的一种生活方式 春风园客 2019第2期花艺培训班;王小209;18611910001209;Paid;2019-9-8
210;让插花艺术成为你的一种生活方式 春风园客 2019第2期花艺培训班;王小210;18611910001210;Paid;2019-9-8
211;让插花艺术成为你的一种生活方式 春风园客 2019第2期花艺培训班;王小211;18611910001211;Paid;2019-9-8
212;让插花艺术成为你的一种生活方式 春风园客 2019第2期花艺培训班;王小212;18611910001212;Paid;2019-9-8
213;让插花艺术成为你的一种生活方式 春风园客 2019第2期花艺培训班;王小213;18611910001213;Paid;2019-9-8
214;让插花艺术成为你的一种生活方式 春风园客 2019第2期花艺培训班;王小214;18611910001214;Paid;2019-9-8
215;让插花艺术成为你的一种生活方式 春风园客 2019第2期花艺培训班;王小215;18611910001215;Paid;2019-9-8
216;让插花艺术成为你的一种生活方式 春风园客 2019第2期花艺培训班;王小216;18611910001216;Paid;2019-9-8
217;让插花艺术成为你的一种生活方式 春风园客 2019第2期花艺培训班;王小217;18611910001217;Paid;2019-9-8
218;让插花艺术成为你的一种生活方式 春风园客 2019第2期花艺培训班;王小218;18611910001218;Paid;2019-9-8
219;让插花艺术成为你的一种生活方式 春风园客 2019第2期花艺培训班;王小219;18611910001219;Paid;2019-9-8
220;让插花艺术成为你的一种生活方式 春风园客 2019第2期花艺培训班;王小220;18611910001220;Paid;2019-9-8
221;让插花艺术成为你的一种生活方式 春风园客 2019第2期花艺培训班;王小221;18611910001221;Paid;2019-9-8
222;让插花艺术成为你的一种生活方式 春风园客 2019第2期花艺培训班;王小222;18611910001222;Paid;2019-9-8
223;让插花艺术成为你的一种生活方式 春风园客 2019第2期花艺培训班;王小223;18611910001223;Paid;2019-9-8
224;让插花艺术成为你的一种生活方式 春风园客 2019第2期花艺培训班;王小224;18611910001224;Paid;2019-9-8
225;让插花艺术成为你的一种生活方式 春风园客 2019第2期花艺培训班;王小225;18611910001225;Paid;2019-9-8
226;让插花艺术成为你的一种生活方式 春风园客 2019第2期花艺培训班;王小226;18611910001226;Paid;2019-9-8
227;让插花艺术成为你的一种生活方式 春风园客 2019第2期花艺培训班;王小227;18611910001227;Paid;2019-9-8
228;让插花艺术成为你的一种生活方式 春风园客 2019第2期花艺培训班;王小228;18611910001228;Paid;2019-9-8
229;让插花艺术成为你的一种生活方式 春风园客 2019第2期花艺培训班;王小229;18611910001229;Paid;2019-9-8
230;让插花艺术成为你的一种生活方式 春风园客 2019第2期花艺培训班;王小230;18611910001230;Paid;2019-9-8
231;让插花艺术成为你的一种生活方式 春风园客 2019第2期花艺培训班;王小231;18611910001231;Paid;2019-9-8
232;让插花艺术成为你的一种生活方式 春风园客 2019第2期花艺培训班;王小232;18611910001232;Paid;2019-9-8
233;让插花艺术成为你的一种生活方式 春风园客 2019第2期花艺培训班;王小233;18611910001233;Paid;2019-9-8
234;让插花艺术成为你的一种生活方式 春风园客 2019第2期花艺培训班;王小234;18611910001234;Paid;2019-9-8
235;让插花艺术成为你的一种生活方式 春风园客 2019第2期花艺培训班;王小235;18611910001235;Paid;2019-9-8
236;让插花艺术成为你的一种生活方式 春风园客 2019第2期花艺培训班;王小236;18611910001236;Paid;2019-9-8
237;让插花艺术成为你的一种生活方式 春风园客 2019第2期花艺培训班;王小237;18611910001237;Paid;2019-9-8
238;让插花艺术成为你的一种生活方式 春风园客 2019第2期花艺培训班;王小238;18611910001238;Paid;2019-9-8
239;让插花艺术成为你的一种生活方式 春风园客 2019第2期花艺培训班;王小239;18611910001239;Paid;2019-9-8
240;让插花艺术成为你的一种生活方式 春风园客 2019第2期花艺培训班;王小240;18611910001240;Paid;2019-9-8
241;让插花艺术成为你的一种生活方式 春风园客 2019第2期花艺培训班;王小241;18611910001241;Paid;2019-9-8
242;让插花艺术成为你的一种生活方式 春风园客 2019第2期花艺培训班;王小242;18611910001242;Paid;2019-9-8
243;让插花艺术成为你的一种生活方式 春风园客 2019第2期花艺培训班;王小243;18611910001243;Paid;2019-9-8
244;让插花艺术成为你的一种生活方式 春风园客 2019第2期花艺培训班;王小244;18611910001244;Paid;2019-9-8
245;让插花艺术成为你的一种生活方式 春风园客 2019第2期花艺培训班;王小245;18611910001245;Paid;2019-9-8
246;让插花艺术成为你的一种生活方式 春风园客 2019第2期花艺培训班;王小246;18611910001246;Paid;2019-9-8
247;让插花艺术成为你的一种生活方式 春风园客 2019第2期花艺培训班;王小247;18611910001247;Paid;2019-9-8
248;让插花艺术成为你的一种生活方式 春风园客 2019第2期花艺培训班;王小248;18611910001248;Paid;2019-9-8
249;让插花艺术成为你的一种生活方式 春风园客 2019第2期花艺培训班;王小249;18611910001249;Paid;2019-9-8
250;让插花艺术成为你的一种生活方式 春风园客 2019第2期花艺培训班;王小250;18611910001250;Paid;2019-9-8
251;让插花艺术成为你的一种生活方式 春风园客 2019第2期花艺培训班;王小251;18611910001251;Paid;2019-9-8
252;让插花艺术成为你的一种生活方式 春风园客 2019第2期花艺培训班;王小252;18611910001252;Paid;2019-9-8
253;让插花艺术成为你的一种生活方式 春风园客 2019第2期花艺培训班;王小253;18611910001253;Paid;2019-9-8
254;让插花艺术成为你的一种生活方式 春风园客 2019第2期花艺培训班;王小254;18611910001254;Paid;2019-9-8
255;让插花艺术成为你的一种生活方式 春风园客 2019第2期花艺培训班;王小255;18611910001255;Paid;2019-9-8
256;让插花艺术成为你的一种生活方式 春风园客 2019第2期花艺培训班;王小256;18611910001256;Paid;2019-9-8
257;让插花艺术成为你的一种生活方式 春风园客 2019第2期花艺培训班;王小257;18611910001257;Paid;2019-9-8
258;让插花艺术成为你的一种生活方式 春风园客 2019第2期花艺培训班;王小258;18611910001258;Paid;2019-9-8
259;让插花艺术成为你的一种生活方式 春风园客 2019第2期花艺培训班;王小259;18611910001259;Paid;2019-9-8
260;让插花艺术成为你的一种生活方式 春风园客 2019第2期花艺培训班;王小260;18611910001260;Paid;2019-9-8
261;让插花艺术成为你的一种生活方式 春风园客 2019第2期花艺培训班;王小261;18611910001261;Paid;2019-9-8
262;让插花艺术成为你的一种生活方式 春风园客 2019第2期花艺培训班;王小262;18611910001262;Paid;2019-9-8
263;让插花艺术成为你的一种生活方式 春风园客 2019第2期花艺培训班;王小263;18611910001263;Paid;2019-9-8
264;让插花艺术成为你的一种生活方式 春风园客 2019第2期花艺培训班;王小264;18611910001264;Paid;2019-9-8
265;让插花艺术成为你的一种生活方式 春风园客 2019第2期花艺培训班;王小265;18611910001265;Paid;2019-9-8
266;让插花艺术成为你的一种生活方式 春风园客 2019第2期花艺培训班;王小266;18611910001266;Paid;2019-9-8
267;让插花艺术成为你的一种生活方式 春风园客 2019第2期花艺培训班;王小267;18611910001267;Paid;2019-9-8
268;让插花艺术成为你的一种生活方式 春风园客 2019第2期花艺培训班;王小268;18611910001268;Paid;2019-9-8
269;让插花艺术成为你的一种生活方式 春风园客 2019第2期花艺培训班;王小269;18611910001269;Paid;2019-9-8
270;让插花艺术成为你的一种生活方式 春风园客 2019第2期花艺培训班;王小270;18611910001270;Paid;2019-9-8
271;让插花艺术成为你的一种生活方式 春风园客 2019第2期花艺培训班;王小271;18611910001271;Paid;2019-9-8
272;让插花艺术成为你的一种生活方式 春风园客 2019第2期花艺培训班;王小272;18611910001272;Paid;2019-9-8
273;让插花艺术成为你的一种生活方式 春风园客 2019第2期花艺培训班;王小273;18611910001273;Paid;2019-9-8
274;让插花艺术成为你的一种生活方式 春风园客 2019第2期花艺培训班;王小274;18611910001274;Paid;2019-9-8
275;让插花艺术成为你的一种生活方式 春风园客 2019第2期花艺培训班;王小275;18611910001275;Paid;2019-9-8
276;让插花艺术成为你的一种生活方式 春风园客 2019第2期花艺培训班;王小276;18611910001276;Paid;2019-9-8
277;让插花艺术成为你的一种生活方式 春风园客 2019第2期花艺培训班;王小277;18611910001277;Paid;2019-9-8
278;让插花艺术成为你的一种生活方式 春风园客 2019第2期花艺培训班;王小278;18611910001278;Paid;2019-9-8
279;让插花艺术成为你的一种生活方式 春风园客 2019第2期花艺培训班;王小279;18611910001279;Paid;2019-9-8
280;让插花艺术成为你的一种生活方式 春风园客 2019第2期花艺培训班;王小280;18611910001280;Paid;2019-9-8
281;让插花艺术成为你的一种生活方式 春风园客 2019第2期花艺培训班;王小281;18611910001281;Paid;2019-9-8
282;让插花艺术成为你的一种生活方式 春风园客 2019第2期花艺培训班;王小282;18611910001282;Paid;2019-9-8
283;让插花艺术成为你的一种生活方式 春风园客 2019第2期花艺培训班;王小283;18611910001283;Paid;2019-9-8
284;让插花艺术成为你的一种生活方式 春风园客 2019第2期花艺培训班;王小284;18611910001284;Paid;2019-9-8
285;让插花艺术成为你的一种生活方式 春风园客 2019第2期花艺培训班;王小285;18611910001285;Paid;2019-9-8
286;让插花艺术成为你的一种生活方式 春风园客 2019第2期花艺培训班;王小286;18611910001286;Paid;2019-9-8
287;让插花艺术成为你的一种生活方式 春风园客 2019第2期花艺培训班;王小287;18611910001287;Paid;2019-9-8
288;让插花艺术成为你的一种生活方式 春风园客 2019第2期花艺培训班;王小288;18611910001288;Paid;2019-9-8
289;让插花艺术成为你的一种生活方式 春风园客 2019第2期花艺培训班;王小289;18611910001289;Paid;2019-9-8
290;让插花艺术成为你的一种生活方式 春风园客 2019第2期花艺培训班;王小290;18611910001290;Paid;2019-9-8
291;让插花艺术成为你的一种生活方式 春风园客 2019第2期花艺培训班;王小291;18611910001291;Paid;2019-9-8
292;让插花艺术成为你的一种生活方式 春风园客 2019第2期花艺培训班;王小292;18611910001292;Paid;2019-9-8
293;让插花艺术成为你的一种生活方式 春风园客 2019第2期花艺培训班;王小293;18611910001293;Paid;2019-9-8
294;让插花艺术成为你的一种生活方式 春风园客 2019第2期花艺培训班;王小294;18611910001294;Paid;2019-9-8
295;让插花艺术成为你的一种生活方式 春风园客 2019第2期花艺培训班;王小295;18611910001295;Paid;2019-9-8
296;让插花艺术成为你的一种生活方式 春风园客 2019第2期花艺培训班;王小296;18611910001296;Paid;2019-9-8
297;让插花艺术成为你的一种生活方式 春风园客 2019第2期花艺培训班;王小297;18611910001297;Paid;2019-9-8
298;让插花艺术成为你的一种生活方式 春风园客 2019第2期花艺培训班;王小298;18611910001298;Paid;2019-9-8
299;让插花艺术成为你的一种生活方式 春风园客 2019第2期花艺培训班;王小299;18611910001299;Paid;2019-9-8
300;让插花艺术成为你的一种生活方式 春风园客 2019第2期花艺培训班;王小300;18611910001300;Paid;2019-9-8
301;让插花艺术成为你的一种生活方式 春风园客 2019第2期花艺培训班;王小301;18611910001301;Paid;2019-9-8
302;让插花艺术成为你的一种生活方式 春风园客 2019第2期花艺培训班;王小302;18611910001302;Paid;2019-9-8
303;让插花艺术成为你的一种生活方式 春风园客 2019第2期花艺培训班;王小303;18611910001303;Paid;2019-9-8
304;让插花艺术成为你的一种生活方式 春风园客 2019第2期花艺培训班;王小304;18611910001304;Paid;2019-9-8
305;让插花艺术成为你的一种生活方式 春风园客 2019第2期花艺培训班;王小305;18611910001305;Paid;2019-9-8
306;让插花艺术成为你的一种生活方式 春风园客 2019第2期花艺培训班;王小306;18611910001306;Paid;2019-9-8
307;让插花艺术成为你的一种生活方式 春风园客 2019第2期花艺培训班;王小307;18611910001307;Paid;2019-9-8
308;让插花艺术成为你的一种生活方式 春风园客 2019第2期花艺培训班;王小308;18611910001308;Paid;2019-9-8
309;让插花艺术成为你的一种生活方式 春风园客 2019第2期花艺培训班;王小309;18611910001309;Paid;2019-9-8
310;让插花艺术成为你的一种生活方式 春风园客 2019第2期花艺培训班;王小310;18611910001310;Paid;2019-9-8
311;让插花艺术成为你的一种生活方式 春风园客 2019第2期花艺培训班;王小311;18611910001311;Paid;2019-9-8
312;让插花艺术成为你的一种生活方式 春风园客 2019第2期花艺培训班;王小312;18611910001312;Paid;2019-9-8
313;让插花艺术成为你的一种生活方式 春风园客 2019第2期花艺培训班;王小313;18611910001313;Paid;2019-9-8
314;让插花艺术成为你的一种生活方式 春风园客 2019第2期花艺培训班;王小314;18611910001314;Paid;2019-9-8
315;让插花艺术成为你的一种生活方式 春风园客 2019第2期花艺培训班;王小315;18611910001315;Paid;2019-9-8
316;让插花艺术成为你的一种生活方式 春风园客 2019第2期花艺培训班;王小316;18611910001316;Paid;2019-9-8
317;让插花艺术成为你的一种生活方式 春风园客 2019第2期花艺培训班;王小317;18611910001317;Paid;2019-9-8
318;让插花艺术成为你的一种生活方式 春风园客 2019第2期花艺培训班;王小318;18611910001318;Paid;2019-9-8
319;让插花艺术成为你的一种生活方式 春风园客 2019第2期花艺培训班;王小319;18611910001319;Paid;2019-9-8
320;让插花艺术成为你的一种生活方式 春风园客 2019第2期花艺培训班;王小320;18611910001320;Paid;2019-9-8
321;让插花艺术成为你的一种生活方式 春风园客 2019第2期花艺培训班;王小321;18611910001321;Paid;2019-9-8
322;让插花艺术成为你的一种生活方式 春风园客 2019第2期花艺培训班;王小322;18611910001322;Paid;2019-9-8
323;让插花艺术成为你的一种生活方式 春风园客 2019第2期花艺培训班;王小323;18611910001323;Paid;2019-9-8
324;让插花艺术成为你的一种生活方式 春风园客 2019第2期花艺培训班;王小324;18611910001324;Paid;2019-9-8
325;让插花艺术成为你的一种生活方式 春风园客 2019第2期花艺培训班;王小325;18611910001325;Paid;2019-9-8
326;让插花艺术成为你的一种生活方式 春风园客 2019第2期花艺培训班;王小326;18611910001326;Paid;2019-9-8
327;让插花艺术成为你的一种生活方式 春风园客 2019第2期花艺培训班;王小327;18611910001327;Paid;2019-9-8
328;让插花艺术成为你的一种生活方式 春风园客 2019第2期花艺培训班;王小328;18611910001328;Paid;2019-9-8
329;让插花艺术成为你的一种生活方式 春风园客 2019第2期花艺培训班;王小329;18611910001329;Paid;2019-9-8
330;让插花艺术成为你的一种生活方式 春风园客 2019第2期花艺培训班;王小330;18611910001330;Paid;2019-9-8
331;让插花艺术成为你的一种生活方式 春风园客 2019第2期花艺培训班;王小331;18611910001331;Paid;2019-9-8
332;让插花艺术成为你的一种生活方式 春风园客 2019第2期花艺培训班;王小332;18611910001332;Paid;2019-9-8
333;让插花艺术成为你的一种生活方式 春风园客 2019第2期花艺培训班;王小333;18611910001333;Paid;2019-9-8
334;让插花艺术成为你的一种生活方式 春风园客 2019第2期花艺培训班;王小334;18611910001334;Paid;2019-9-8
335;让插花艺术成为你的一种生活方式 春风园客 2019第2期花艺培训班;王小335;18611910001335;Paid;2019-9-8
336;让插花艺术成为你的一种生活方式 春风园客 2019第2期花艺培训班;王小336;18611910001336;Paid;2019-9-8
337;让插花艺术成为你的一种生活方式 春风园客 2019第2期花艺培训班;王小337;18611910001337;Paid;2019-9-8
338;让插花艺术成为你的一种生活方式 春风园客 2019第2期花艺培训班;王小338;18611910001338;Paid;2019-9-8
339;让插花艺术成为你的一种生活方式 春风园客 2019第2期花艺培训班;王小339;18611910001339;Paid;2019-9-8
340;让插花艺术成为你的一种生活方式 春风园客 2019第2期花艺培训班;王小340;18611910001340;Paid;2019-9-8
341;让插花艺术成为你的一种生活方式 春风园客 2019第2期花艺培训班;王小341;18611910001341;Paid;2019-9-8
342;让插花艺术成为你的一种生活方式 春风园客 2019第2期花艺培训班;王小342;18611910001342;Paid;2019-9-8
343;让插花艺术成为你的一种生活方式 春风园客 2019第2期花艺培训班;王小343;18611910001343;Paid;2019-9-8
344;让插花艺术成为你的一种生活方式 春风园客 2019第2期花艺培训班;王小344;18611910001344;Paid;2019-9-8
345;让插花艺术成为你的一种生活方式 春风园客 2019第2期花艺培训班;王小345;18611910001345;Paid;2019-9-8
346;让插花艺术成为你的一种生活方式 春风园客 2019第2期花艺培训班;王小346;18611910001346;Paid;2019-9-8
347;让插花艺术成为你的一种生活方式 春风园客 2019第2期花艺培训班;王小347;18611910001347;Paid;2019-9-8
348;让插花艺术成为你的一种生活方式 春风园客 2019第2期花艺培训班;王小348;18611910001348;Paid;2019-9-8
349;让插花艺术成为你的一种生活方式 春风园客 2019第2期花艺培训班;王小349;18611910001349;Paid;2019-9-8
350;让插花艺术成为你的一种生活方式 春风园客 2019第2期花艺培训班;王小350;18611910001350;Paid;2019-9-8
351;让插花艺术成为你的一种生活方式 春风园客 2019第2期花艺培训班;王小351;18611910001351;Paid;2019-9-8
352;让插花艺术成为你的一种生活方式 春风园客 2019第2期花艺培训班;王小352;18611910001352;Paid;2019-9-8
353;让插花艺术成为你的一种生活方式 春风园客 2019第2期花艺培训班;王小353;18611910001353;Paid;2019-9-8
354;让插花艺术成为你的一种生活方式 春风园客 2019第2期花艺培训班;王小354;18611910001354;Paid;2019-9-8
355;让插花艺术成为你的一种生活方式 春风园客 2019第2期花艺培训班;王小355;18611910001355;Paid;2019-9-8
356;让插花艺术成为你的一种生活方式 春风园客 2019第2期花艺培训班;王小356;18611910001356;Paid;2019-9-8
357;让插花艺术成为你的一种生活方式 春风园客 2019第2期花艺培训班;王小357;18611910001357;Paid;2019-9-8
358;让插花艺术成为你的一种生活方式 春风园客 2019第2期花艺培训班;王小358;18611910001358;Paid;2019-9-8
359;让插花艺术成为你的一种生活方式 春风园客 2019第2期花艺培训班;王小359;18611910001359;Paid;2019-9-8
360;让插花艺术成为你的一种生活方式 春风园客 2019第2期花艺培训班;王小360;18611910001360;Paid;2019-9-8
361;让插花艺术成为你的一种生活方式 春风园客 2019第2期花艺培训班;王小361;18611910001361;Paid;2019-9-8
362;让插花艺术成为你的一种生活方式 春风园客 2019第2期花艺培训班;王小362;18611910001362;Paid;2019-9-8
363;让插花艺术成为你的一种生活方式 春风园客 2019第2期花艺培训班;王小363;18611910001363;Paid;2019-9-8
364;让插花艺术成为你的一种生活方式 春风园客 2019第2期花艺培训班;王小364;18611910001364;Paid;2019-9-8
365;让插花艺术成为你的一种生活方式 春风园客 2019第2期花艺培训班;王小365;18611910001365;Paid;2019-9-8
366;让插花艺术成为你的一种生活方式 春风园客 2019第2期花艺培训班;王小366;18611910001366;Paid;2019-9-8
367;让插花艺术成为你的一种生活方式 春风园客 2019第2期花艺培训班;王小367;18611910001367;Paid;2019-9-8
368;让插花艺术成为你的一种生活方式 春风园客 2019第2期花艺培训班;王小368;18611910001368;Paid;2019-9-8
369;让插花艺术成为你的一种生活方式 春风园客 2019第2期花艺培训班;王小369;18611910001369;Paid;2019-9-8
370;让插花艺术成为你的一种生活方式 春风园客 2019第2期花艺培训班;王小370;18611910001370;Paid;2019-9-8
371;让插花艺术成为你的一种生活方式 春风园客 2019第2期花艺培训班;王小371;18611910001371;Paid;2019-9-8
372;让插花艺术成为你的一种生活方式 春风园客 2019第2期花艺培训班;王小372;18611910001372;Paid;2019-9-8
373;让插花艺术成为你的一种生活方式 春风园客 2019第2期花艺培训班;王小373;18611910001373;Paid;2019-9-8
374;让插花艺术成为你的一种生活方式 春风园客 2019第2期花艺培训班;王小374;18611910001374;Paid;2019-9-8
375;让插花艺术成为你的一种生活方式 春风园客 2019第2期花艺培训班;王小375;18611910001375;Paid;2019-9-8
376;让插花艺术成为你的一种生活方式 春风园客 2019第2期花艺培训班;王小376;18611910001376;Paid;2019-9-8
377;让插花艺术成为你的一种生活方式 春风园客 2019第2期花艺培训班;王小377;18611910001377;Paid;2019-9-8
378;让插花艺术成为你的一种生活方式 春风园客 2019第2期花艺培训班;王小378;18611910001378;Paid;2019-9-8
379;让插花艺术成为你的一种生活方式 春风园客 2019第2期花艺培训班;王小379;18611910001379;Paid;2019-9-8
380;让插花艺术成为你的一种生活方式 春风园客 2019第2期花艺培训班;王小380;18611910001380;Paid;2019-9-8
381;让插花艺术成为你的一种生活方式 春风园客 2019第2期花艺培训班;王小381;18611910001381;Paid;2019-9-8
382;让插花艺术成为你的一种生活方式 春风园客 2019第2期花艺培训班;王小382;18611910001382;Paid;2019-9-8
383;让插花艺术成为你的一种生活方式 春风园客 2019第2期花艺培训班;王小383;18611910001383;Paid;2019-9-8
384;让插花艺术成为你的一种生活方式 春风园客 2019第2期花艺培训班;王小384;18611910001384;Paid;2019-9-8
385;让插花艺术成为你的一种生活方式 春风园客 2019第2期花艺培训班;王小385;18611910001385;Paid;2019-9-8
386;让插花艺术成为你的一种生活方式 春风园客 2019第2期花艺培训班;王小386;18611910001386;Paid;2019-9-8
387;让插花艺术成为你的一种生活方式 春风园客 2019第2期花艺培训班;王小387;18611910001387;Paid;2019-9-8
388;让插花艺术成为你的一种生活方式 春风园客 2019第2期花艺培训班;王小388;18611910001388;Paid;2019-9-8
389;让插花艺术成为你的一种生活方式 春风园客 2019第2期花艺培训班;王小389;18611910001389;Paid;2019-9-8
390;让插花艺术成为你的一种生活方式 春风园客 2019第2期花艺培训班;王小390;18611910001390;Paid;2019-9-8
391;让插花艺术成为你的一种生活方式 春风园客 2019第2期花艺培训班;王小391;18611910001391;Paid;2019-9-8
392;让插花艺术成为你的一种生活方式 春风园客 2019第2期花艺培训班;王小392;18611910001392;Paid;2019-9-8
393;让插花艺术成为你的一种生活方式 春风园客 2019第2期花艺培训班;王小393;18611910001393;Paid;2019-9-8
394;让插花艺术成为你的一种生活方式 春风园客 2019第2期花艺培训班;王小394;18611910001394;Paid;2019-9-8
395;让插花艺术成为你的一种生活方式 春风园客 2019第2期花艺培训班;王小395;18611910001395;Paid;2019-9-8
396;让插花艺术成为你的一种生活方式 春风园客 2019第2期花艺培训班;王小396;18611910001396;Paid;2019-9-8
397;让插花艺术成为你的一种生活方式 春风园客 2019第2期花艺培训班;王小397;18611910001397;Paid;2019-9-8
398;让插花艺术成为你的一种生活方式 春风园客 2019第2期花艺培训班;王小398;18611910001398;Paid;2019-9-8
399;让插花艺术成为你的一种生活方式 春风园客 2019第2期花艺培训班;王小399;18611910001399;Paid;2019-9-8
400;让插花艺术成为你的一种生活方式 春风园客 2019第2期花艺培训班;王小400;18611910001400;Paid;2019-9-8
401;让插花艺术成为你的一种生活方式 春风园客 2019第2期花艺培训班;王小401;18611910001401;Paid;2019-9-8
402;让插花艺术成为你的一种生活方式 春风园客 2019第2期花艺培训班;王小402;18611910001402;Paid;2019-9-8
403;让插花艺术成为你的一种生活方式 春风园客 2019第2期花艺培训班;王小403;18611910001403;Paid;2019-9-8
404;让插花艺术成为你的一种生活方式 春风园客 2019第2期花艺培训班;王小404;18611910001404;Paid;2019-9-8
405;让插花艺术成为你的一种生活方式 春风园客 2019第2期花艺培训班;王小405;18611910001405;Paid;2019-9-8
406;让插花艺术成为你的一种生活方式 春风园客 2019第2期花艺培训班;王小406;18611910001406;Paid;2019-9-8
407;让插花艺术成为你的一种生活方式 春风园客 2019第2期花艺培训班;王小407;18611910001407;Paid;2019-9-8
408;让插花艺术成为你的一种生活方式 春风园客 2019第2期花艺培训班;王小408;18611910001408;Paid;2019-9-8
409;让插花艺术成为你的一种生活方式 春风园客 2019第2期花艺培训班;王小409;18611910001409;Paid;2019-9-8
410;让插花艺术成为你的一种生活方式 春风园客 2019第2期花艺培训班;王小410;18611910001410;Paid;2019-9-8
411;让插花艺术成为你的一种生活方式 春风园客 2019第2期花艺培训班;王小411;18611910001411;Paid;2019-9-8
412;让插花艺术成为你的一种生活方式 春风园客 2019第2期花艺培训班;王小412;18611910001412;Paid;2019-9-8
413;让插花艺术成为你的一种生活方式 春风园客 2019第2期花艺培训班;王小413;18611910001413;Paid;2019-9-8
414;让插花艺术成为你的一种生活方式 春风园客 2019第2期花艺培训班;王小414;18611910001414;Paid;2019-9-8
415;让插花艺术成为你的一种生活方式 春风园客 2019第2期花艺培训班;王小415;18611910001415;Paid;2019-9-8
416;让插花艺术成为你的一种生活方式 春风园客 2019第2期花艺培训班;王小416;18611910001416;Paid;2019-9-8
417;让插花艺术成为你的一种生活方式 春风园客 2019第2期花艺培训班;王小417;18611910001417;Paid;2019-9-8
418;让插花艺术成为你的一种生活方式 春风园客 2019第2期花艺培训班;王小418;18611910001418;Paid;2019-9-8
419;让插花艺术成为你的一种生活方式 春风园客 2019第2期花艺培训班;王小419;18611910001419;Paid;2019-9-8
420;让插花艺术成为你的一种生活方式 春风园客 2019第2期花艺培训班;王小420;18611910001420;Paid;2019-9-8
421;让插花艺术成为你的一种生活方式 春风园客 2019第2期花艺培训班;王小421;18611910001421;Paid;2019-9-8
422;让插花艺术成为你的一种生活方式 春风园客 2019第2期花艺培训班;王小422;18611910001422;Paid;2019-9-8
423;让插花艺术成为你的一种生活方式 春风园客 2019第2期花艺培训班;王小423;18611910001423;Paid;2019-9-8
424;让插花艺术成为你的一种生活方式 春风园客 2019第2期花艺培训班;王小424;18611910001424;Paid;2019-9-8
425;让插花艺术成为你的一种生活方式 春风园客 2019第2期花艺培训班;王小425;18611910001425;Paid;2019-9-8
426;让插花艺术成为你的一种生活方式 春风园客 2019第2期花艺培训班;王小426;18611910001426;Paid;2019-9-8
427;让插花艺术成为你的一种生活方式 春风园客 2019第2期花艺培训班;王小427;18611910001427;Paid;2019-9-8
428;让插花艺术成为你的一种生活方式 春风园客 2019第2期花艺培训班;王小428;18611910001428;Paid;2019-9-8
429;让插花艺术成为你的一种生活方式 春风园客 2019第2期花艺培训班;王小429;18611910001429;Paid;2019-9-8
430;让插花艺术成为你的一种生活方式 春风园客 2019第2期花艺培训班;王小430;18611910001430;Paid;2019-9-8
431;让插花艺术成为你的一种生活方式 春风园客 2019第2期花艺培训班;王小431;18611910001431;Paid;2019-9-8
432;让插花艺术成为你的一种生活方式 春风园客 2019第2期花艺培训班;王小432;18611910001432;Paid;2019-9-8
433;让插花艺术成为你的一种生活方式 春风园客 2019第2期花艺培训班;王小433;18611910001433;Paid;2019-9-8
434;让插花艺术成为你的一种生活方式 春风园客 2019第2期花艺培训班;王小434;18611910001434;Paid;2019-9-8
435;让插花艺术成为你的一种生活方式 春风园客 2019第2期花艺培训班;王小435;18611910001435;Paid;2019-9-8
436;让插花艺术成为你的一种生活方式 春风园客 2019第2期花艺培训班;王小436;18611910001436;Paid;2019-9-8
437;让插花艺术成为你的一种生活方式 春风园客 2019第2期花艺培训班;王小437;18611910001437;Paid;2019-9-8
438;让插花艺术成为你的一种生活方式 春风园客 2019第2期花艺培训班;王小438;18611910001438;Paid;2019-9-8
439;让插花艺术成为你的一种生活方式 春风园客 2019第2期花艺培训班;王小439;18611910001439;Paid;2019-9-8
440;让插花艺术成为你的一种生活方式 春风园客 2019第2期花艺培训班;王小440;18611910001440;Paid;2019-9-8
441;让插花艺术成为你的一种生活方式 春风园客 2019第2期花艺培训班;王小441;18611910001441;Paid;2019-9-8
442;让插花艺术成为你的一种生活方式 春风园客 2019第2期花艺培训班;王小442;18611910001442;Paid;2019-9-8
443;让插花艺术成为你的一种生活方式 春风园客 2019第2期花艺培训班;王小443;18611910001443;Paid;2019-9-8
444;让插花艺术成为你的一种生活方式 春风园客 2019第2期花艺培训班;王小444;18611910001444;Paid;2019-9-8
445;让插花艺术成为你的一种生活方式 春风园客 2019第2期花艺培训班;王小445;18611910001445;Paid;2019-9-8
446;让插花艺术成为你的一种生活方式 春风园客 2019第2期花艺培训班;王小446;18611910001446;Paid;2019-9-8
447;让插花艺术成为你的一种生活方式 春风园客 2019第2期花艺培训班;王小447;18611910001447;Paid;2019-9-8
448;让插花艺术成为你的一种生活方式 春风园客 2019第2期花艺培训班;王小448;18611910001448;Paid;2019-9-8
449;让插花艺术成为你的一种生活方式 春风园客 2019第2期花艺培训班;王小449;18611910001449;Paid;2019-9-8
450;让插花艺术成为你的一种生活方式 春风园客 2019第2期花艺培训班;王小450;18611910001450;Paid;2019-9-8
451;让插花艺术成为你的一种生活方式 春风园客 2019第2期花艺培训班;王小451;18611910001451;Paid;2019-9-8
452;让插花艺术成为你的一种生活方式 春风园客 2019第2期花艺培训班;王小452;18611910001452;Paid;2019-9-8
453;让插花艺术成为你的一种生活方式 春风园客 2019第2期花艺培训班;王小453;18611910001453;Paid;2019-9-8
454;让插花艺术成为你的一种生活方式 春风园客 2019第2期花艺培训班;王小454;18611910001454;Paid;2019-9-8
455;让插花艺术成为你的一种生活方式 春风园客 2019第2期花艺培训班;王小455;18611910001455;Paid;2019-9-8
456;让插花艺术成为你的一种生活方式 春风园客 2019第2期花艺培训班;王小456;18611910001456;Paid;2019-9-8
457;让插花艺术成为你的一种生活方式 春风园客 2019第2期花艺培训班;王小457;18611910001457;Paid;2019-9-8
458;让插花艺术成为你的一种生活方式 春风园客 2019第2期花艺培训班;王小458;18611910001458;Paid;2019-9-8
459;让插花艺术成为你的一种生活方式 春风园客 2019第2期花艺培训班;王小459;18611910001459;Paid;2019-9-8
460;让插花艺术成为你的一种生活方式 春风园客 2019第2期花艺培训班;王小460;18611910001460;Paid;2019-9-8
461;让插花艺术成为你的一种生活方式 春风园客 2019第2期花艺培训班;王小461;18611910001461;Paid;2019-9-8
462;让插花艺术成为你的一种生活方式 春风园客 2019第2期花艺培训班;王小462;18611910001462;Paid;2019-9-8
463;让插花艺术成为你的一种生活方式 春风园客 2019第2期花艺培训班;王小463;18611910001463;Paid;2019-9-8
464;让插花艺术成为你的一种生活方式 春风园客 2019第2期花艺培训班;王小464;18611910001464;Paid;2019-9-8
465;让插花艺术成为你的一种生活方式 春风园客 2019第2期花艺培训班;王小465;18611910001465;Paid;2019-9-8
466;让插花艺术成为你的一种生活方式 春风园客 2019第2期花艺培训班;王小466;18611910001466;Paid;2019-9-8
467;让插花艺术成为你的一种生活方式 春风园客 2019第2期花艺培训班;王小467;18611910001467;Paid;2019-9-8
468;让插花艺术成为你的一种生活方式 春风园客 2019第2期花艺培训班;王小468;18611910001468;Paid;2019-9-8
469;让插花艺术成为你的一种生活方式 春风园客 2019第2期花艺培训班;王小469;18611910001469;Paid;2019-9-8
470;让插花艺术成为你的一种生活方式 春风园客 2019第2期花艺培训班;王小470;18611910001470;Paid;2019-9-8
471;让插花艺术成为你的一种生活方式 春风园客 2019第2期花艺培训班;王小471;18611910001471;Paid;2019-9-8
472;让插花艺术成为你的一种生活方式 春风园客 2019第2期花艺培训班;王小472;18611910001472;Paid;2019-9-8
473;让插花艺术成为你的一种生活方式 春风园客 2019第2期花艺培训班;王小473;18611910001473;Paid;2019-9-8
474;让插花艺术成为你的一种生活方式 春风园客 2019第2期花艺培训班;王小474;18611910001474;Paid;2019-9-8
475;让插花艺术成为你的一种生活方式 春风园客 2019第2期花艺培训班;王小475;18611910001475;Paid;2019-9-8
476;让插花艺术成为你的一种生活方式 春风园客 2019第2期花艺培训班;王小476;18611910001476;Paid;2019-9-8
477;让插花艺术成为你的一种生活方式 春风园客 2019第2期花艺培训班;王小477;18611910001477;Paid;2019-9-8
478;让插花艺术成为你的一种生活方式 春风园客 2019第2期花艺培训班;王小478;18611910001478;Paid;2019-9-8
479;让插花艺术成为你的一种生活方式 春风园客 2019第2期花艺培训班;王小479;18611910001479;Paid;2019-9-8
480;让插花艺术成为你的一种生活方式 春风园客 2019第2期花艺培训班;王小480;18611910001480;Paid;2019-9-8
481;让插花艺术成为你的一种生活方式 春风园客 2019第2期花艺培训班;王小481;18611910001481;Paid;2019-9-8
482;让插花艺术成为你的一种生活方式 春风园客 2019第2期花艺培训班;王小482;18611910001482;Paid;2019-9-8
483;让插花艺术成为你的一种生活方式 春风园客 2019第2期花艺培训班;王小483;18611910001483;Paid;2019-9-8
484;让插花艺术成为你的一种生活方式 春风园客 2019第2期花艺培训班;王小484;18611910001484;Paid;2019-9-8
485;让插花艺术成为你的一种生活方式 春风园客 2019第2期花艺培训班;王小485;18611910001485;Paid;2019-9-8
486;让插花艺术成为你的一种生活方式 春风园客 2019第2期花艺培训班;王小486;18611910001486;Paid;2019-9-8
487;让插花艺术成为你的一种生活方式 春风园客 2019第2期花艺培训班;王小487;18611910001487;Paid;2019-9-8
488;让插花艺术成为你的一种生活方式 春风园客 2019第2期花艺培训班;王小488;18611910001488;Paid;2019-9-8
489;让插花艺术成为你的一种生活方式 春风园客 2019第2期花艺培训班;王小489;18611910001489;Paid;2019-9-8
490;让插花艺术成为你的一种生活方式 春风园客 2019第2期花艺培训班;王小490;18611910001490;Paid;2019-9-8
491;让插花艺术成为你的一种生活方式 春风园客 2019第2期花艺培训班;王小491;18611910001491;Paid;2019-9-8
492;让插花艺术成为你的一种生活方式 春风园客 2019第2期花艺培训班;王小492;18611910001492;Paid;2019-9-8
493;让插花艺术成为你的一种生活方式 春风园客 2019第2期花艺培训班;王小493;18611910001493;Paid;2019-9-8
494;让插花艺术成为你的一种生活方式 春风园客 2019第2期花艺培训班;王小494;18611910001494;Paid;2019-9-8
495;让插花艺术成为你的一种生活方式 春风园客 2019第2期花艺培训班;王小495;18611910001495;Paid;2019-9-8
496;让插花艺术成为你的一种生活方式 春风园客 2019第2期花艺培训班;王小496;18611910001496;Paid;2019-9-8
497;让插花艺术成为你的一种生活方式 春风园客 2019第2期花艺培训班;王小497;18611910001497;Paid;2019-9-8
498;让插花艺术成为你的一种生活方式 春风园客 2019第2期花艺培训班;王小498;18611910001498;Paid;2019-9-8
499;让插花艺术成为你的一种生活方式 春风园客 2019第2期花艺培训班;王小499;18611910001499;Paid;2019-9-8
500;让插花艺术成为你的一种生活方式 春风园客 2019第2期花艺培训班;王小500;18611910001500;Paid;2019-9-8
